{
	"partitions" : [
		{
			"name" : "Top",
			"pins" : [
				{
					"name" : "Mic_On",
					"strict" : false
				},
				{
					"name" : "State[2]",
					"strict" : false
				},
				{
					"name" : "State[1]",
					"strict" : false
				},
				{
					"name" : "State[0]",
					"strict" : false
				},
				{
					"name" : "Spk_On",
					"strict" : false
				},
				{
					"name" : "Feedback",
					"strict" : false
				},
				{
					"name" : "Clock",
					"strict" : false
				},
				{
					"name" : "Reset",
					"strict" : false
				}
			]
		}
	]
}