{
	"partitions" : [
		{
			"name" : "Top",
			"pins" : [
				{
					"name" : "ALU_out[3]",
					"strict" : false
				},
				{
					"name" : "ALU_out[2]",
					"strict" : false
				},
				{
					"name" : "ALU_out[1]",
					"strict" : false
				},
				{
					"name" : "ALU_out[0]",
					"strict" : false
				},
				{
					"name" : "B[3]",
					"strict" : false
				},
				{
					"name" : "B[2]",
					"strict" : false
				},
				{
					"name" : "B[1]",
					"strict" : false
				},
				{
					"name" : "B[0]",
					"strict" : false
				},
				{
					"name" : "Data_Bus[3]",
					"strict" : false
				},
				{
					"name" : "Data_Bus[2]",
					"strict" : false
				},
				{
					"name" : "Data_Bus[1]",
					"strict" : false
				},
				{
					"name" : "Data_Bus[0]",
					"strict" : false
				},
				{
					"name" : "Disp[3]",
					"strict" : false
				},
				{
					"name" : "Disp[2]",
					"strict" : false
				},
				{
					"name" : "Disp[1]",
					"strict" : false
				},
				{
					"name" : "Disp[0]",
					"strict" : false
				},
				{
					"name" : "Invert_l",
					"strict" : false
				},
				{
					"name" : "Addr_Bus[1]",
					"strict" : false
				},
				{
					"name" : "Addr_Bus[0]",
					"strict" : false
				},
				{
					"name" : "Addr_Bus[3]",
					"strict" : false
				},
				{
					"name" : "Addr_Bus[2]",
					"strict" : false
				},
				{
					"name" : "Data_in[3]",
					"strict" : false
				},
				{
					"name" : "Read",
					"strict" : false
				},
				{
					"name" : "ACC_to_DB",
					"strict" : false
				},
				{
					"name" : "Logic_Arith_l",
					"strict" : false
				},
				{
					"name" : "Data_in[0]",
					"strict" : false
				},
				{
					"name" : "Data_in[2]",
					"strict" : false
				},
				{
					"name" : "Data_in[1]",
					"strict" : false
				},
				{
					"name" : "A_Only_l",
					"strict" : false
				},
				{
					"name" : "Clk",
					"strict" : false
				},
				{
					"name" : "Write",
					"strict" : false
				},
				{
					"name" : "Reset",
					"strict" : false
				},
				{
					"name" : "LoadACC",
					"strict" : false
				}
			]
		}
	]
}