{
	"partitions" : [
		{
			"name" : "Top",
			"pins" : [
				{
					"name" : "Addr_Bus[3]",
					"strict" : false
				},
				{
					"name" : "Addr_Bus[2]",
					"strict" : false
				},
				{
					"name" : "Addr_Bus[1]",
					"strict" : false
				},
				{
					"name" : "Addr_Bus[0]",
					"strict" : false
				},
				{
					"name" : "Control[11]",
					"strict" : false
				},
				{
					"name" : "Control[10]",
					"strict" : false
				},
				{
					"name" : "Control[9]",
					"strict" : false
				},
				{
					"name" : "Control[8]",
					"strict" : false
				},
				{
					"name" : "Control[7]",
					"strict" : false
				},
				{
					"name" : "Control[6]",
					"strict" : false
				},
				{
					"name" : "Control[5]",
					"strict" : false
				},
				{
					"name" : "Control[4]",
					"strict" : false
				},
				{
					"name" : "Control[3]",
					"strict" : false
				},
				{
					"name" : "Control[2]",
					"strict" : false
				},
				{
					"name" : "Control[1]",
					"strict" : false
				},
				{
					"name" : "Control[0]",
					"strict" : false
				},
				{
					"name" : "ALU_out[3]",
					"strict" : false
				},
				{
					"name" : "ALU_out[2]",
					"strict" : false
				},
				{
					"name" : "ALU_out[1]",
					"strict" : false
				},
				{
					"name" : "ALU_out[0]",
					"strict" : false
				},
				{
					"name" : "B[3]",
					"strict" : false
				},
				{
					"name" : "B[2]",
					"strict" : false
				},
				{
					"name" : "B[1]",
					"strict" : false
				},
				{
					"name" : "B[0]",
					"strict" : false
				},
				{
					"name" : "Data_Bus[3]",
					"strict" : false
				},
				{
					"name" : "Data_Bus[2]",
					"strict" : false
				},
				{
					"name" : "Data_Bus[1]",
					"strict" : false
				},
				{
					"name" : "Data_Bus[0]",
					"strict" : false
				},
				{
					"name" : "Disp[3]",
					"strict" : false
				},
				{
					"name" : "Disp[2]",
					"strict" : false
				},
				{
					"name" : "Disp[1]",
					"strict" : false
				},
				{
					"name" : "Disp[0]",
					"strict" : false
				},
				{
					"name" : "OpCode[3]",
					"strict" : false
				},
				{
					"name" : "OpCode[2]",
					"strict" : false
				},
				{
					"name" : "OpCode[1]",
					"strict" : false
				},
				{
					"name" : "OpCode[0]",
					"strict" : false
				},
				{
					"name" : "Data_in[3]",
					"strict" : false
				},
				{
					"name" : "Data_in[0]",
					"strict" : false
				},
				{
					"name" : "Data_in[1]",
					"strict" : false
				},
				{
					"name" : "Data_in[2]",
					"strict" : false
				},
				{
					"name" : "Clk",
					"strict" : false
				},
				{
					"name" : "Reset",
					"strict" : false
				}
			]
		}
	]
}